exp_id,rep,weather,start_point,end_point,result,initial_distance,final_distance,final_time,time_out,end_pedestrian_collision,end_vehicle_collision,end_other_collision,number_red_lights,number_green_lights
0,0,1,7,3,1,46.38000488282254,1.9518680049654742,13.8,27.744400000000002,0,0,0,0,0
0,1,1,7,3,1,46.38000488282254,1.6196802184056056,14.0,27.744400000000002,0,0,0,0,0
1,0,1,138,17,0,102.0835985225537,22.105414638395843,54.361000000000004,54.361000000000004,0,0,0,0,2
1,1,1,138,17,0,102.0835985225537,23.237384746991538,54.361000000000004,54.361000000000004,0,0,0,2,0
2,0,1,140,134,0,210.63723564600028,181.78136201614808,107.59419999999999,107.59419999999999,0,0,0,0,0
